{
    "Logistic Regression": {
        "Normal": {
            "precision": 0.9401197604790419,
            "recall": 0.9457831325301205,
            "f1-score": 0.9429429429429429,
            "support": 332.0
        },
        "Suspect": {
            "precision": 0.6060606060606061,
            "recall": 0.6779661016949152,
            "f1-score": 0.64,
            "support": 59.0
        },
        "Pathologic": {
            "precision": 0.8846153846153846,
            "recall": 0.6571428571428571,
            "f1-score": 0.7540983606557377,
            "support": 35.0
        },
        "accuracy": 0.8849765258215962,
        "macro avg": {
            "precision": 0.8102652503850108,
            "recall": 0.7602973637892977,
            "f1-score": 0.7790137678662269,
            "support": 426.0
        },
        "weighted avg": {
            "precision": 0.8892931330942633,
            "recall": 0.8849765258215962,
            "f1-score": 0.88547065652584,
            "support": 426.0
        }
    },
    "Random Forest": {
        "Normal": {
            "precision": 0.9447674418604651,
            "recall": 0.9789156626506024,
            "f1-score": 0.9615384615384616,
            "support": 332.0
        },
        "Suspect": {
            "precision": 0.851063829787234,
            "recall": 0.6779661016949152,
            "f1-score": 0.7547169811320755,
            "support": 59.0
        },
        "Pathologic": {
            "precision": 0.8571428571428571,
            "recall": 0.8571428571428571,
            "f1-score": 0.8571428571428571,
            "support": 35.0
        },
        "accuracy": 0.9272300469483568,
        "macro avg": {
            "precision": 0.8843247095968522,
            "recall": 0.8380082071627916,
            "f1-score": 0.8577994332711314,
            "support": 426.0
        },
        "weighted avg": {
            "precision": 0.9245905085800968,
            "recall": 0.9272300469483568,
            "f1-score": 0.9243170683510837,
            "support": 426.0
        }
    },
    "SVM (RBF)": {
        "Normal": {
            "precision": 0.930635838150289,
            "recall": 0.9698795180722891,
            "f1-score": 0.9498525073746312,
            "support": 332.0
        },
        "Suspect": {
            "precision": 0.6666666666666666,
            "recall": 0.576271186440678,
            "f1-score": 0.6181818181818182,
            "support": 59.0
        },
        "Pathologic": {
            "precision": 0.8620689655172413,
            "recall": 0.7142857142857143,
            "f1-score": 0.78125,
            "support": 35.0
        },
        "accuracy": 0.8943661971830986,
        "macro avg": {
            "precision": 0.8197904901113992,
            "recall": 0.7534788062662271,
            "f1-score": 0.7830947751854831,
            "support": 426.0
        },
        "weighted avg": {
            "precision": 0.8884432990430345,
            "recall": 0.8943661971830986,
            "f1-score": 0.8900645768101052,
            "support": 426.0
        }
    }
}